0,x,Port Stanley,Mallorytown,Meaford,Dwight,Dorset,Whitby,Hanover,Hemlo,Galt,Stevensville,Casselman,Manotick,Morrisburg,Palmer Rapids,Kingsville,Caledonia,Atwood,Millbrook,Rockwood,Yarker,Tara,Sunderland,Thorold,Elora,Creemore,Paquette Corner,Cat Lake,Harrietsville,Foleyet,Kingfisher Lake,Pelham,Madoc,Seeleys Bay,North Bay,Dunnville,Iroquois Falls,Foymount,Port Cunnington,Port Dover,Oakville,Humphrey,Alderville First Nation,Southampton,Cobalt,Hearst,Tavistock,Chatsworth,Oba,Avonmore,Douglastown,Barry`s Bay,Beeton,Temagami,Utterson,Thessalon First Nation,Bracebridge,Dundas,Woodville,Courtright,Marten River,Cold Springs,Grand Bend,Wainfleet,Thornhill,Hagersville,Virginiatown,Queenston,Morson,Lucan,Bradford West Gwillimbury,Fort Erie,Haldimand,Redbridge,Thurlow,Wallaceburg,Navan,Toronto Island,Seaforth,Brigden,St. Isidore de Prescott,Haileybury,Little Britain,Fingal,Adolphustown,Smiths Falls,North Gower,Exeter,Kincardine,Holstein,Queensville,Winchester,Upsala,Pleasant Park,Ancaster,Keewatin,Macdiarmid,Sandy Lake First Nation,Emsdale,Kinmount,Killarney
1,Port Stanley,0,524391,282542,427454,418509,269695,197371,1064686,127921,244310,659233,626889,599089,502997,176018,163310,133066,318757,170067,447902,233727,298509,221171,165331,255858,177272,ZEROR,45751,932177,ZEROR,205748,409253,497142,529558,150341,857988,529197,439043,102835,184136,396600,345229,237248,673243,1114497,97653,224180,1172858,640550,243496,514446,261391,626395,391121,777238,370608,152548,319627,124075,585670,330371,108073,172130,224151,112932,774296,229362,1656619,76008,250378,252466,133532,546022,400715,121895,662966,ZEROR,122017,108679,676385,683344,311145,11706,458701,556250,616493,94185,198100,188335,264051,620053,1511055,161453,143817,1751593,1329640,ZEROR,429378,393013,599362
2,Mallorytown,524391,0,482047,378948,361007,270597,482327,1269870,398926,461121,139802,107458,79658,236530,666390,411148,464327,239794,382846,89166,501798,310440,437981,417829,433091,667645,ZEROR,479680,927813,ZEROR,435824,171638,40424,465568,431409,793998,189293,383678,461263,353474,512675,212857,523391,609253,1050507,445598,472995,1159999,121119,460307,263955,377465,562406,428848,805618,408335,389223,320508,618119,521680,214163,521804,444205,318691,436358,710306,446172,2017940,494961,351659,469277,431307,482033,130899,612267,143535,ZEROR,496860,591855,156954,619354,303370,520843,120742,59089,97062,499768,523258,454000,345856,100622,1686639,651826,394631,2039741,1395453,ZEROR,467105,320238,715437
3,Meaford,282542,482047,0,220822,211877,215100,82712,1019172,160658,280605,617259,584915,557115,327899,423783,230633,136766,264162,131676,405928,54094,172149,257466,116249,58260,425037,ZEROR,237073,709859,ZEROR,255309,354659,455168,322926,250894,651355,354098,232411,238485,176300,174282,290635,66955,466611,907865,170827,44109,1017357,598576,279792,354850,119816,419763,184488,554920,163975,179207,167765,311754,379037,277184,215101,263690,169556,255843,567663,265657,1796841,196307,125964,288761,250792,339390,358741,328213,513816,ZEROR,168179,296537,634410,476712,189253,278236,416727,514275,574519,195000,116768,77420,137829,578079,1465541,409218,214116,1818642,1252811,ZEROR,222745,191795,377044
4,Dwight,427454,378948,220822,0,18476,199154,257923,926245,302172,371820,375191,328085,397851,163897,569636,321847,306055,165469,286092,296993,275189,155768,348680,272198,185331,570891,ZEROR,382926,607106,ZEROR,346523,207280,352462,144862,342108,473292,166760,11589,371962,260329,76501,208838,296782,288547,729801,348844,246386,839293,395630,371006,134028,194492,241699,39336,461993,59078,299922,151384,521365,200973,195387,425050,354904,230245,347057,389600,356871,1697233,398207,186653,379976,342007,161326,255366,515513,343112,ZEROR,336806,495101,394138,298648,153831,424089,314020,341068,336349,403014,329881,252736,198518,372466,1365933,555072,305330,1719034,1074747,ZEROR,44682,86824,284117
5,Dorset,418509,361007,211877,18476,0,190166,248935,944765,293184,362831,390784,343678,413445,179491,560648,312859,297067,147558,277104,279081,266201,146780,339692,263210,176343,561902,ZEROR,373938,625627,ZEROR,337535,189369,334550,163383,333120,491812,182354,23251,362973,251341,95022,190927,287794,307068,748322,339856,237397,857814,411223,362018,149622,185504,260220,59536,480514,50090,290933,129393,512376,219494,177476,416061,345916,221256,338069,408120,347883,1715754,389218,177664,370987,333018,179847,237454,506525,358705,ZEROR,327818,486112,409731,317169,135919,415101,296109,321619,351943,394026,320893,243747,189530,388059,1384454,546084,296342,1737555,1093268,ZEROR,63203,68913,302638
6,Whitby,269695,270597,215100,199154,190166,0,223953,1089431,137690,199885,405057,372713,344913,245627,405155,149912,203091,61386,121611,193727,243424,44420,176746,156594,164957,406409,ZEROR,218444,780119,ZEROR,174589,151883,242966,301266,170173,629695,271826,210750,200027,92239,244541,93121,265017,444950,886204,184363,214621,995697,386374,199071,257075,109332,398103,162828,625180,142315,127987,62256,356883,357377,76195,260568,182970,50558,175122,546003,184937,1867101,233725,84719,208041,170072,317730,146539,351032,408791,ZEROR,235624,330619,422209,455051,53774,259608,204525,302074,362317,238533,264884,195626,78916,365878,1535800,390590,133395,1888902,1231151,ZEROR,201085,135642,447304
7,Hanover,197371,482327,82712,257923,248935,223953,0,1061536,128490,239136,617578,585234,557434,365265,336513,175495,64927,273947,108407,406248,40356,203146,215996,77005,87449,337767,ZEROR,164075,752223,ZEROR,213840,364443,455487,360292,209480,688722,391465,269777,198098,157058,216646,300419,60629,503977,945231,123922,39955,1054724,598895,238322,392217,122301,457130,221855,597285,201342,145089,205131,230872,416404,286968,134218,222221,179340,192112,605030,224187,1736648,121435,140746,247292,195655,376757,359060,247330,621311,ZEROR,86325,215654,634730,514078,217672,190966,417046,514595,574838,113595,55105,32498,152982,578398,1507905,321948,151126,1861006,1290177,ZEROR,260112,229162,419408
8,Hemlo,1064686,1269870,1019172,926245,944765,1089431,1061536,0,1115039,1184687,1216081,1168975,1238741,1090365,984052,1134714,1103796,1066961,1098959,1280661,1077457,999466,1161548,1085066,982732,958929,ZEROR,1065942,383002,ZEROR,1159391,1126745,1241006,805673,1154975,556053,1069928,938057,1148668,1073197,849881,1164191,1099050,712959,293295,1084325,1048654,230085,1236520,1183873,1060496,1007360,746808,895908,472629,908202,1112789,995082,964185,787528,1150739,1010918,1167772,1043112,1157058,661973,1169739,779475,1044256,999520,1192843,1154874,822984,1233473,990404,1184002,ZEROR,1058060,966275,1235028,704329,1016571,1050670,1291459,1181958,1177239,1041040,1112399,1049145,1011385,1213356,448174,963600,1118197,801275,266759,ZEROR,905344,993207,776753
9,Galt,127921,398926,160658,302172,293184,137690,128490,1115039,0,133471,533690,501346,473546,377454,270255,52181,79472,193214,44524,322360,166072,172966,110331,44591,133321,271509,ZEROR,83544,806634,ZEROR,99200,283710,371599,404015,86000,732445,403654,313500,68973,72520,271057,219686,170528,547700,988954,44045,138437,1098446,515007,132657,388903,135848,500853,265578,651695,245065,32086,194084,221983,460127,204828,129517,104792,98608,58556,648753,118522,1727959,100322,124835,141627,72142,420480,275172,216132,537423,ZEROR,112005,195719,550842,557801,185602,124708,333158,430707,490950,107482,166241,102592,138508,494510,1562316,255690,35378,1822933,1333900,ZEROR,303835,267470,473819
10,Stevensville,244310,461121,280605,371820,362831,199885,239136,1184687,133471,0,595225,562881,535081,447698,387257,85336,211627,263458,134708,383895,299272,243210,29779,165130,223286,388511,ZEROR,200547,876878,ZEROR,37125,353954,433134,474259,51727,802689,473898,383744,104974,109023,341301,283289,291067,617944,1059198,178963,270469,1168690,576542,5548,459147,206092,571096,335821,721939,315309,107928,264328,338985,530371,266363,273161,30978,168852,92203,718997,34564,1844961,241900,195079,11241,78576,490723,336707,333134,598958,ZEROR,244160,312721,612377,628045,255845,241710,394693,492242,552485,251126,281566,211402,208752,556045,1632560,372692,103429,1985661,1404144,ZEROR,374079,337714,544063
11,Casselman,659233,139802,617259,375191,390784,405057,617578,1216081,533690,595225,0,60639,64750,235373,800801,545558,598737,374205,517257,223576,636208,444850,572392,552240,567501,802055,ZEROR,614090,873049,ZEROR,570235,248982,169017,410805,565819,739234,203817,383427,595673,487885,451238,347267,657801,554489,995743,580009,607405,1105236,23609,594717,240774,511876,507642,414072,750855,420105,523633,395422,752529,466916,348573,656214,578616,453101,570768,655542,580583,1963176,629371,486069,603687,565718,427269,265309,746678,36724,ZEROR,631270,726265,18725,564590,378283,655254,255153,94638,57302,634179,657669,588411,480266,45902,1631876,786236,529041,1984977,1340690,ZEROR,419418,353233,617148
12,Manotick,626889,107458,584915,328085,343678,372713,585234,1168975,501346,562881,60639,0,76750,188550,769373,514130,567309,270145,485828,192148,604780,413422,540963,520811,536073,770627,ZEROR,582662,826225,ZEROR,538807,175639,107851,363981,534391,692410,156993,336604,564245,456456,404414,248137,626373,507666,948920,548580,575977,1058412,86774,563289,193950,480448,460818,367248,704031,373281,492205,322079,721101,420092,317145,624786,547187,421673,539340,608718,549154,1916352,597943,454641,572259,534290,380445,233881,715249,41973,ZEROR,599842,694837,79787,517767,304941,623826,223725,48802,11493,602750,626240,556982,448838,51364,1585052,754808,497613,1938153,1293866,ZEROR,372594,306410,570325
13,Morrisburg,599089,79658,557115,397851,413445,344913,557434,1238741,473546,535081,64750,76750,0,258431,741917,486674,539853,315320,458372,164692,577324,385966,513507,493355,508617,743171,ZEROR,555206,896107,ZEROR,511351,247165,110133,433862,506935,762292,226874,406485,536789,429000,588201,288383,598917,577547,1018801,521124,548521,1128293,46340,535833,263831,452992,530700,437130,773912,483861,464749,396034,693645,489974,289689,597330,519731,394217,511884,678600,521698,1986234,570487,427185,544803,506834,450327,206425,687793,76103,ZEROR,572386,667381,82175,587648,378896,596370,196269,96341,65356,575294,598784,529526,421382,25378,1654933,727352,470157,2008035,1363747,ZEROR,442476,395764,640206
14,Palmer Rapids,502997,236530,327899,163897,179491,245627,365265,1090365,377454,447698,235373,188550,258431,0,644402,396612,442338,188831,360858,152485,380181,220885,423446,395841,286091,645656,ZEROR,457691,771004,ZEROR,421289,117049,189243,308759,416873,637189,31557,172588,446727,334832,240399,183891,401774,452444,893698,423610,351377,1003191,256678,445771,29869,295252,405597,203233,625890,202975,374687,202140,596130,364871,207406,499815,429670,282588,421823,553497,431637,1861131,472972,266835,454741,416772,325224,170261,590279,204161,ZEROR,474871,569866,255187,462545,199489,498855,177657,170600,197398,477780,430641,353495,255530,233515,1529830,629837,380095,1882932,1238645,ZEROR,208579,136104,448014
15,Kingsville,176018,666390,423783,569636,560648,405155,336513,984052,270255,387257,800801,769373,741917,644402,0,305171,274927,460618,311928,589763,366295,440370,363032,307192,397719,30196,ZEROR,199433,1074038,ZEROR,347609,551114,639003,671419,339156,999849,671058,580904,269488,325997,538461,487090,350111,815104,1155356,239514,366041,1092146,782411,385357,656307,403252,768256,532982,711682,512469,294409,461488,134788,727531,472232,205766,353201,366012,290549,916157,371223,1637362,217869,392239,394327,307079,687883,542576,101858,804827,ZEROR,260403,129651,818246,825205,453006,163201,600562,698111,758354,224116,307247,330196,405912,761914,1430343,23449,285678,1732336,1248928,ZEROR,571239,534874,741223
16,Caledonia,163310,411148,230633,321847,312859,149912,175495,1134714,52181,85336,545558,514130,486674,396612,305171,0,129347,212647,82522,334033,220910,192399,86747,99429,172474,307421,ZEROR,119457,826067,ZEROR,60487,303143,383273,423448,39133,751877,423086,332932,46469,58451,290489,233428,225366,567132,1008386,97873,185328,1117879,526681,109073,408336,155280,520285,285010,671128,264497,32888,213517,257895,479559,216502,192071,60976,118040,23874,668185,94938,1763871,160810,144268,96740,20199,439912,286846,252044,549097,ZEROR,174897,231632,562515,577233,205034,160620,344831,442380,502624,170036,215865,147946,157941,506184,1581748,291603,21050,1858845,1353333,ZEROR,323267,286903,493252
17,Atwood,133066,464327,136766,306055,297067,203091,64927,1103796,79472,211627,598737,567309,539853,442338,274927,129347,0,258969,88725,388114,108338,189887,186367,66848,126685,274820,ZEROR,99148,802445,ZEROR,184211,349465,437354,406173,163008,734603,469408,315658,136793,138274,266867,285441,110041,549858,991112,61733,92507,1100604,580762,208693,454658,120631,503010,267735,647506,247223,115460,210765,189269,462285,270582,80183,192592,164362,130808,650911,194558,1695245,59540,140958,217663,147337,422637,340927,193295,603178,ZEROR,45727,161618,616596,559959,204414,128019,398912,496461,556705,58147,95071,56904,153485,560265,1549681,259002,112386,1790219,1336058,ZEROR,305993,268448,469630
18,Millbrook,318757,239794,264162,165469,147558,61386,273947,1066961,193214,263458,374205,270145,315320,188831,460618,212647,258969,0,176984,163459,291580,71270,239572,211967,213113,461782,ZEROR,273817,758766,ZEROR,237415,95184,212699,323136,232999,651565,215128,170130,262853,150958,223189,43458,313173,466821,908075,239736,262777,1017567,356106,261897,200377,157488,419973,184698,603827,164185,190813,71900,412256,379247,30007,315941,245796,98714,237948,567873,247763,1845748,289098,132875,270867,232898,339600,116271,406405,311797,ZEROR,290997,385992,391941,476922,54762,314981,174257,228015,264508,293906,313040,243782,127072,335610,1514448,445963,196221,1867549,1253021,ZEROR,222955,78598,425951
19,Rockwood,170067,382846,131676,286092,277104,121611,108407,1098959,44524,134708,517257,485828,458372,360858,311928,82522,88725,176984,0,309725,151314,160331,110771,34956,98929,313487,ZEROR,125522,793999,ZEROR,108614,271075,358964,391380,104198,719810,391019,300865,117455,59885,258422,207051,158971,535065,976319,91440,117594,1085811,502372,133096,376268,76512,488217,252943,639060,232430,53870,181449,263961,447492,192193,167646,116995,85973,109487,636118,118962,1769937,140803,90241,142066,104436,407844,262537,258109,524788,ZEROR,136366,237697,538207,545166,172967,166685,320523,418072,478315,145610,149471,80213,125873,481875,1549681,297668,67760,1902782,1321265,ZEROR,291200,254835,461184
20,Yarker,447902,89166,405928,296993,279081,193727,406248,1280661,322360,383895,223576,192148,164692,152485,589763,334033,388114,163459,309725,0,425377,234019,361560,341409,356670,591224,ZEROR,403259,971831,ZEROR,359404,95218,62665,418802,354988,747232,183731,301752,384842,277053,436254,136436,446970,562487,1003741,369177,396574,1113234,206073,383886,179911,301045,515640,352427,816892,331914,312802,244087,541698,474914,137742,445383,367785,242270,359937,663540,369751,1971174,418540,275238,392856,354887,435267,54478,535846,228489,ZEROR,420439,515434,241907,572588,226949,444423,51069,98319,182016,423347,446838,377580,269435,185576,1639873,575405,318210,1992975,1348688,ZEROR,390684,243817,639016
21,Tara,233727,501798,54094,275189,266201,243424,40356,1077457,166072,299272,636208,604780,577324,380181,366295,220910,108338,291580,151314,425377,0,220428,277233,116820,104731,367823,ZEROR,204991,769505,ZEROR,275076,383891,474935,377574,270661,706004,408747,287059,237913,196067,233928,319867,24440,521259,962513,163737,34936,1072006,618343,299559,409499,139583,474412,239137,614567,218624,184904,222413,257172,433686,306416,160518,283457,198788,231927,622312,285424,1762948,160201,158028,308528,235470,394039,378508,273630,640759,ZEROR,122747,241954,654177,531360,234954,229732,436493,534042,594286,150574,62185,73437,170264,597846,1525187,352004,190941,1878288,1307460,ZEROR,277394,246444,436690
22,Sunderland,298509,310440,172149,155768,146780,44420,203146,999466,172966,243210,444850,413422,385966,220885,440370,192399,189887,71270,160331,234019,220428,0,219334,142126,130395,441545,ZEROR,253580,691320,ZEROR,217178,146526,283922,257066,212762,585495,247056,166550,242616,130721,155743,116172,231974,400750,842004,219498,181577,951497,427329,241660,227799,74782,353903,118628,536382,98115,170576,22236,392019,313177,102721,295704,225559,78476,217711,501803,227525,1778302,268861,52067,250630,212661,273530,187494,386167,363138,ZEROR,270760,365755,463164,410851,18950,294744,245480,279356,315849,273668,241151,179170,40762,406833,1447002,425726,175984,1800103,1186951,ZEROR,156885,84753,358506
23,Thorold,221171,437981,257466,348680,339692,176746,215996,1161548,110331,29779,572392,540963,513507,423446,363032,86747,186367,239572,110771,361560,277233,219334,0,139324,197480,362705,ZEROR,174741,851072,ZEROR,17365,328148,407328,448453,51362,776883,448092,357938,101407,83217,315495,257483,265261,592138,1033392,153157,244663,1142884,550736,32520,433341,180286,545290,310016,696133,289503,82122,238522,313179,504565,240557,247355,39086,143046,82085,693191,18385,1819155,216094,169273,41489,68678,464917,310901,307328,573153,ZEROR,218354,286915,586571,602239,230040,215904,368887,466436,526679,225320,255760,185596,182946,530240,1606754,346887,77623,1959855,1378338,ZEROR,348273,311908,518257
24,Elora,165331,417829,116249,272198,263210,156594,77005,1085066,44591,165130,552240,520811,493355,395841,307192,99429,66848,211967,34956,341409,116820,142126,139324,0,92199,316547,ZEROR,128583,779143,ZEROR,138339,303594,391483,376524,133979,704953,423537,286009,129995,92403,243566,239570,127495,520209,961463,81561,95404,1070955,534890,162822,408787,74954,473361,238086,624204,217573,69589,165087,267021,432635,224711,146216,146720,118491,101746,621261,148687,1772997,125573,95280,171792,120154,392988,295055,261170,557307,ZEROR,104890,240757,570725,530310,158736,169746,353041,450590,510833,124180,117995,56282,107808,514394,1534825,300728,75626,1867971,1306409,ZEROR,276344,238799,446328
25,Creemore,255858,433091,58260,185331,176343,164957,87449,982732,133321,223286,567501,536073,508617,286091,397719,172474,126685,213113,98929,356670,104731,130395,197480,92199,0,398980,ZEROR,211016,674695,ZEROR,199885,302875,404561,286409,195470,614838,310987,195893,225323,120876,139118,238851,126308,430093,871347,159879,75912,980840,547968,224368,318333,56671,383246,147971,519756,127458,153283,124654,305210,342520,225400,208557,208266,117772,200419,531146,210233,1761677,190336,74180,233337,195368,302873,308133,343603,470704,ZEROR,159039,289992,583803,440194,146142,252179,366119,463668,523912,186521,144361,67216,86045,527472,1430377,383162,158692,1783478,1216294,ZEROR,186228,148684,341880
26,Paquette Corner,177272,667645,425037,570891,561902,406409,337767,958929,271509,388511,802055,770627,743171,645656,30196,307421,274820,461782,313487,591224,367823,441545,362705,316547,398980,0,ZEROR,200487,1075092,ZEROR,348662,552168,640057,672473,340209,1000902,672111,581958,270542,327051,539515,488144,351164,816158,1130182,240568,367095,1066972,783465,386411,657361,404305,769310,534035,686509,513522,295463,462542,135841,728584,473285,206820,354254,367065,291603,917210,372276,1612188,218923,393293,395381,308132,688937,543630,102912,805881,ZEROR,261456,130705,819299,826259,454059,164254,601615,699164,759408,225170,308301,331249,406966,762968,1405169,16119,286732,1707162,1223754,ZEROR,572292,535928,742277
27,Cat Lake,ZEROR,ZEROR,ZEROR,ZEROR,ZEROR,ZEROR,ZEROR,ZEROR,ZEROR,ZEROR,ZEROR,ZEROR,ZEROR,ZEROR,ZEROR,ZEROR,ZEROR,ZEROR,ZEROR,ZEROR,ZEROR,ZEROR,ZEROR,ZEROR,ZEROR,ZEROR,0,ZEROR,ZEROR,ZEROR,ZEROR,ZEROR,ZEROR,ZEROR,ZEROR,ZEROR,ZEROR,ZEROR,ZEROR,ZEROR,ZEROR,ZEROR,ZEROR,ZEROR,ZEROR,ZEROR,ZEROR,ZEROR,ZEROR,ZEROR,ZEROR,ZEROR,ZEROR,ZEROR,ZEROR,ZEROR,ZEROR,ZEROR,ZEROR,ZEROR,ZEROR,ZEROR,ZEROR,ZEROR,ZEROR,ZEROR,ZEROR,ZEROR,ZEROR,ZEROR,ZEROR,ZEROR,ZEROR,ZEROR,ZEROR,ZEROR,ZEROR,ZEROR,ZEROR,ZEROR,ZEROR,ZEROR,ZEROR,ZEROR,ZEROR,ZEROR,ZEROR,ZEROR,ZEROR,ZEROR,ZEROR,ZEROR,ZEROR,ZEROR,ZEROR,ZEROR,ZEROR,ZEROR,ZEROR,ZEROR
28,Harrietsville,45751,479680,237073,382926,373938,218444,164075,1065942,83544,200547,614090,582662,555206,457691,199433,119457,99148,273817,125522,403259,204991,253580,174741,128583,211016,200487,ZEROR,0,887169,ZEROR,160739,364245,452134,484550,152286,812979,484188,394034,81431,139127,351591,300221,208512,628234,1069488,52645,181567,1178981,595541,198488,469438,216382,581387,346112,732230,325599,107540,274619,151815,540661,285362,109245,166331,179142,103680,729287,184353,1657791,59861,205370,207458,120209,501014,355706,145964,617958,ZEROR,89806,125551,631376,638335,266136,41316,413692,511241,571485,74637,178552,145722,219043,575045,1512227,185522,98809,1752765,1330812,ZEROR,384369,348005,554354
29,Foleyet,932177,927813,709859,607106,625627,780119,752223,383002,806634,876878,873049,826225,896107,771004,1074038,826067,802445,758766,793999,971831,769505,691320,851072,779143,674695,1075092,ZEROR,887169,0,ZEROR,850317,817671,898952,463642,845901,174076,727874,619263,875755,764123,540807,855117,789976,331508,364797,852638,739580,474290,894465,874799,741703,698286,365356,586834,321230,599128,803715,686008,1025158,406077,841665,928843,858698,734038,850850,280522,860665,1159278,902000,690446,883769,845800,480929,924399,1019306,841947,ZEROR,833783,998894,892974,322877,707497,927883,982385,839904,835185,906808,806186,740071,702311,871302,827978,1058865,809123,1181079,646562,ZEROR,563290,684133,467679
30,Kingfisher Lake,ZEROR,ZEROR,ZEROR,ZEROR,ZEROR,ZEROR,ZEROR,ZEROR,ZEROR,ZEROR,ZEROR,ZEROR,ZEROR,ZEROR,ZEROR,ZEROR,ZEROR,ZEROR,ZEROR,ZEROR,ZEROR,ZEROR,ZEROR,ZEROR,ZEROR,ZEROR,ZEROR,ZEROR,ZEROR,0,ZEROR,ZEROR,ZEROR,ZEROR,ZEROR,ZEROR,ZEROR,ZEROR,ZEROR,ZEROR,ZEROR,ZEROR,ZEROR,ZEROR,ZEROR,ZEROR,ZEROR,ZEROR,ZEROR,ZEROR,ZEROR,ZEROR,ZEROR,ZEROR,ZEROR,ZEROR,ZEROR,ZEROR,ZEROR,ZEROR,ZEROR,ZEROR,ZEROR,ZEROR,ZEROR,ZEROR,ZEROR,ZEROR,ZEROR,ZEROR,ZEROR,ZEROR,ZEROR,ZEROR,ZEROR,ZEROR,ZEROR,ZEROR,ZEROR,ZEROR,ZEROR,ZEROR,ZEROR,ZEROR,ZEROR,ZEROR,ZEROR,ZEROR,ZEROR,ZEROR,ZEROR,ZEROR,ZEROR,ZEROR,ZEROR,ZEROR,ZEROR,ZEROR,ZEROR,ZEROR
31,Pelham,205748,435824,255309,346523,337535,174589,213840,1159391,99200,37125,570235,538807,511351,421289,347609,60487,184211,237415,108614,359404,275076,217178,17365,138339,199885,348662,ZEROR,160739,850317,ZEROR,0,328471,407651,448775,35323,777205,448414,358260,85367,83539,315817,257805,265583,592460,1033714,140424,244985,1143207,551058,35528,433663,180608,545613,310338,696455,289825,82444,238844,300447,504887,240879,234623,18909,143368,66046,693513,35150,1806423,203361,169595,44498,52638,465240,311223,294595,573475,ZEROR,217449,274183,586893,602561,230362,203172,369209,466758,527001,212587,256082,185918,183268,530562,1607076,334154,63601,1901397,1378661,ZEROR,348595,312230,518579
32,Madoc,409253,171638,354659,207280,189369,151883,364443,1126745,283710,353954,248982,175639,247165,117049,551114,303143,349465,95184,271075,95218,383891,146526,328148,303594,302875,552168,ZEROR,364245,817671,ZEROR,328471,0,145181,352172,323245,680601,143249,212040,353099,241204,279200,73196,403419,495857,937111,329982,353023,1046603,232431,352143,139022,247734,449009,238367,662634,217397,281059,147137,502502,408283,93399,406187,336042,188960,328195,596909,338009,1904543,379344,223122,361113,323144,368636,48085,496651,216990,ZEROR,381243,476238,268016,505958,129999,405227,106740,133208,169700,384152,403287,334029,217318,197022,1573243,536209,286468,1926344,1282057,ZEROR,251992,150526,484758
33,Seeleys Bay,497142,40424,455168,352462,334550,242966,455487,1241006,371599,433134,169017,107851,110133,189243,639003,383273,437354,212699,358964,62665,474935,283922,407328,391483,404561,640057,ZEROR,452134,898952,ZEROR,407651,145181,0,437541,404147,765970,178359,356416,434000,326212,485413,185594,496129,581226,1022480,418336,445732,1131972,151308,433045,216692,350203,534378,401586,777591,381073,361960,293246,590856,493652,186900,494541,416943,291429,409096,682279,418910,1989912,467698,324396,442014,404045,454005,103637,585005,158458,ZEROR,469597,564592,187142,591327,276107,493581,93480,59297,96393,472506,495996,426738,318593,115719,1658612,624564,367369,2011713,1367426,ZEROR,439843,292976,688175
34,North Bay,529558,465568,322926,144862,163383,301266,360292,805673,404015,474259,410805,363981,433862,308759,671419,423448,406173,323136,391380,418802,377574,257066,448453,376524,286409,672473,ZEROR,484550,463642,ZEROR,448775,352172,437541,0,443914,329598,265726,157115,473768,362135,169000,363426,398588,144854,586108,450650,348192,695600,432317,472812,279555,296298,98006,141142,341194,160884,401728,253190,623171,57280,349975,526856,456710,332051,448863,245906,458677,1553540,500013,288459,481782,443813,20021,444848,617319,379799,ZEROR,438612,596907,430826,154955,273272,525895,444296,377755,373037,504820,431687,354542,300324,409154,1222240,656878,407136,1575341,931054,ZEROR,101142,232350,207488
35,Dunnville,150341,431409,250894,342108,333120,170173,209480,1154975,86000,51727,565819,534391,506935,416873,339156,39133,163008,232999,104198,354988,270661,212762,51362,133979,195470,340209,ZEROR,152286,845901,ZEROR,35323,323245,404147,443914,0,779328,450537,360383,53408,85662,317940,259928,259473,594583,1035837,131980,219435,1145329,553181,52418,435786,182731,547735,312461,698578,291948,66995,240967,292003,507010,243002,226179,23390,145491,40638,695636,77788,1797979,194917,171718,57948,27011,467362,313346,286151,575597,ZEROR,209005,265739,589016,604684,232484,153899,371332,468881,529124,204143,249972,182054,185391,532684,1609199,325710,55157,1892953,1380783,ZEROR,350718,314353,520702
36,Iroquois Falls,857988,793998,651355,473292,491812,629695,688722,556053,732445,802689,739234,692410,762292,637189,999849,751877,734603,651565,719810,747232,706004,585495,776883,704953,614838,1000902,ZEROR,812979,174076,ZEROR,777205,680601,765970,329598,779328,0,594102,485491,802143,690511,497376,691801,726963,197735,263113,779026,676567,372605,760693,801187,607930,624674,231584,469517,559082,489259,730103,581566,951546,272304,678350,855231,785086,660426,777239,146749,787053,1230546,828388,616834,810157,772188,347157,773224,945695,708175,ZEROR,766987,925282,759201,189105,601647,854271,772671,706131,701412,833196,760063,682917,628699,737529,899245,985253,735511,1252346,608059,ZEROR,429517,560726,485370
37,Foymount,529197,189293,354098,166760,182354,271826,391465,1069928,403654,473898,203817,156993,226874,31557,671058,423086,469408,215128,391019,183731,408747,247056,448092,423537,310987,672111,ZEROR,484188,727874,ZEROR,448414,143249,178359,265726,450537,594102,0,175451,472927,361032,243261,210091,427973,408924,850178,449809,377577,959671,225122,471971,32797,321451,362077,206096,605290,225838,400887,228340,622330,321351,233606,526015,455869,308787,448022,509977,457836,1817611,499172,293035,480941,442972,281704,201357,616478,172604,ZEROR,501071,596066,223630,419025,225689,525054,208753,170560,165841,503979,456840,379695,281730,201958,1486311,656037,406295,1839412,1195125,ZEROR,211442,162303,450877
38,Port Cunnington,439043,383678,232411,11589,23251,210750,269777,938057,313500,383744,383427,336604,406485,172588,580904,332932,315658,170130,300865,301752,287059,166550,357938,286009,195893,581958,ZEROR,394034,619263,ZEROR,358260,212040,356416,157115,360383,485491,175451,0,383580,271948,88120,213597,308400,300165,741419,360463,258004,850912,404321,382624,142719,206111,253318,50954,473611,70696,311540,152064,532983,212592,200146,436668,366523,241863,358675,401218,368490,1708852,409825,198271,391594,353625,172945,260125,527132,351803,ZEROR,348424,506719,402829,310266,158590,435708,318780,349759,345040,414633,341500,264354,210136,381157,1377552,566690,316948,1730653,1086366,ZEROR,56300,91583,295735
39,Port Dover,102835,461263,238485,371962,362973,200027,198098,1148668,68973,104974,595673,564245,536789,446727,269488,46469,136793,262853,117455,384842,237913,242616,101407,129995,225323,270542,ZEROR,81431,875755,ZEROR,85367,353099,434000,473768,53408,802143,472927,383580,0,108599,340637,283575,243517,617280,1058534,85996,216426,1168027,576828,105761,458483,205428,570433,335158,721275,314645,74086,263665,234667,529707,266649,189448,75091,168188,23832,718333,123216,1740642,141107,194415,110856,36494,490060,336993,215875,599245,ZEROR,153054,208403,612663,627381,255182,106264,394979,492528,552771,167413,228679,180580,208088,556332,1595079,255434,65538,1835616,1403481,ZEROR,373415,337050,543399
40,Oakville,184136,353474,176300,260329,251341,92239,157058,1073197,72520,109023,487885,456456,429000,334832,325997,58451,138274,150958,59885,277053,196067,130721,83217,92403,120876,327051,ZEROR,139127,764123,ZEROR,83539,241204,326212,362135,85662,690511,361032,271948,108599,0,229982,177081,201086,506625,947879,117701,167896,1057372,470335,107589,347581,94773,459778,224503,610621,203990,36759,152762,277723,419052,160155,198262,91488,57286,83894,607678,93455,1783699,180638,83761,116559,78843,379405,230500,271872,492751,ZEROR,173318,251459,506169,516726,144280,180448,288485,386034,446278,176227,191585,122327,97186,449838,1521241,311430,42167,1874342,1292826,ZEROR,262760,226148,432745
41,Humphrey,396600,512675,174282,76501,95022,244541,216646,849881,271057,341301,451238,404414,588201,240399,538461,290489,266867,223189,258422,436254,233928,155743,315495,243566,139118,539515,ZEROR,351591,540807,ZEROR,315817,279200,485413,169000,317940,497376,243261,88120,340637,229982,0,320557,255417,312083,747191,318078,205020,856684,472312,340240,210711,163726,265236,46122,385587,58417,269156,151449,490599,224510,307106,394284,324138,199479,316291,413136,326105,1627508,367441,155887,349210,311241,184863,389840,484747,419794,ZEROR,299224,464335,470820,322184,172937,393323,447826,417750,413031,372248,271627,205512,167752,449148,1296208,524306,274564,1649309,1092138,ZEROR,67441,145650,207711
42,Alderville First Nation,345229,212857,290635,208838,190927,93121,300419,1164191,219686,283289,347267,248137,288383,183891,487090,233428,285441,43458,207051,136436,319867,116172,257483,239570,238851,488144,ZEROR,300221,855117,ZEROR,257805,73196,185594,363426,259928,691801,210091,213597,283575,177081,320557,0,340054,506450,947704,266617,289658,1057197,329517,282239,200934,184369,459603,224328,700217,203815,211155,111530,439137,418877,21490,342822,266137,125594,258290,607503,268104,1942138,315979,159756,291209,253240,379230,89682,433286,289351,ZEROR,317878,412873,365351,516551,94392,341862,147668,205568,242061,320787,339921,270663,153953,309020,1610837,472844,216563,1963938,1292651,ZEROR,262585,121744,522341
43,Southampton,237248,523391,66955,296782,287794,265017,60629,1099050,170528,291067,657801,626373,598917,401774,350111,225366,110041,313173,158971,446970,24440,231974,265261,127495,126308,351164,ZEROR,208512,789976,ZEROR,265583,403419,496129,398588,259473,726963,427973,308400,243517,201086,255417,340054,0,542852,984106,173754,56980,1093598,639936,288754,431091,161176,496005,260730,636159,240217,195521,244006,240999,455279,328008,144346,272653,220381,242830,643905,274619,1746776,163740,179621,297724,246087,415632,400101,257458,662352,ZEROR,118392,225782,675770,552953,256547,233271,458086,555635,615879,146899,46013,92917,191857,619439,1546780,335832,201558,1841750,1329052,ZEROR,298987,268037,458283
44,Cobalt,673243,609253,466611,288547,307068,444950,503977,712959,547700,617944,554489,507666,577547,452444,815104,567132,549858,466821,535065,562487,521259,400750,592138,520209,430093,816158,ZEROR,628234,331508,ZEROR,592460,495857,581226,144854,594583,197735,408924,300165,617280,506625,312083,506450,542852,0,454253,594315,491857,563745,575983,616477,423220,439964,46873,284807,424810,304549,545393,396856,766836,87594,493640,670521,600376,475716,592528,114052,602342,1421686,643678,432124,625447,587478,162447,588514,760984,523465,ZEROR,582277,740572,574491,7638,416937,669561,587961,521421,516702,648485,575352,498207,443989,552819,1090385,800543,550801,1443486,799199,ZEROR,244807,376015,300660
45,Hearst,1114497,1050507,907865,729801,748322,886204,945231,293295,988954,1059198,995743,948920,1018801,893698,1155356,1008386,991112,908075,976319,1003741,962513,842004,1033392,961463,871347,1130182,ZEROR,1069488,364797,ZEROR,1033714,937111,1022480,586108,1035837,263113,850178,741419,1058534,947879,747191,947704,984106,454253,0,1035508,933049,110354,1017175,1057669,864412,881156,488065,725999,644011,745741,986585,838048,1135567,528786,934832,1111713,1041568,916908,1033720,403231,1043535,967779,1084870,873316,1066639,1028670,603639,1029706,1202176,964657,ZEROR,1023469,1137657,1015683,445587,858129,1110753,1029153,962613,957894,1089678,1016545,939399,885181,994011,636479,1134983,991993,989580,345293,ZEROR,685999,817208,674336
46,Tavistock,97653,445598,170827,348844,339856,184363,123922,1084325,44045,178963,580009,548580,521124,423610,239514,97873,61733,239736,91440,369177,163737,219498,153157,81561,159879,240568,ZEROR,52645,852638,ZEROR,140424,329982,418336,450650,131980,779026,449809,360463,85996,117701,318078,266617,173754,594315,1035508,0,142755,1145423,561983,177782,435879,182824,547829,312554,698671,292041,86833,241060,169237,507103,251804,92188,145625,145584,82974,695729,163647,1675213,60992,171811,186752,99503,467456,322148,190761,584400,ZEROR,69605,144359,597818,604777,232578,99337,380134,477683,537926,70153,149309,106910,185484,541487,1529649,230320,78103,1770187,1380876,ZEROR,350811,314446,520795
47,Chatsworth,224180,472995,44109,246386,237397,214621,39955,1048654,138437,270469,607405,575977,548521,351377,366041,185328,92507,262777,117594,396574,34936,181577,244663,95404,75912,367095,ZEROR,181567,739580,ZEROR,244985,353023,445732,348192,219435,676567,377577,258004,216426,167896,205020,289658,56980,491857,933049,142755,0,1043186,589523,270739,380679,110764,445592,210318,585747,189805,159807,193594,267435,404867,277596,170782,254638,169969,211223,593493,256605,1773212,153848,129208,279709,210373,365219,349688,283894,611940,ZEROR,126124,252218,625358,502541,206135,220902,407674,505223,565467,152541,84248,40375,141445,569027,1496368,351884,165844,1849469,1278640,ZEROR,248575,217624,407871
48,Oba,1172858,1159999,1017357,839293,857814,995697,1054724,230085,1098446,1168690,1105236,1058412,1128293,1003191,1092146,1117879,1100604,1017567,1085811,1113234,1072006,951497,1142884,1070955,980840,1066972,ZEROR,1178981,474290,ZEROR,1143207,1046603,1131972,695600,1145329,372605,959671,850912,1168027,1057372,856684,1057197,1093598,563745,110354,1145423,1043186,0,1126675,1167170,973913,990657,597566,835500,580800,855242,1096086,947548,1072357,638287,1044333,1119090,1151069,1026409,1143221,512732,1153035,1007754,1152428,982817,1176140,1138171,713139,1139207,1098575,1074158,ZEROR,1132970,1074446,1125184,555087,967630,1158842,1138654,1072114,1067395,1149212,1126045,1048900,994682,1103512,676454,1071772,1101494,1029555,401622,ZEROR,795500,926708,783836
49,Avonmore,640550,121119,598576,395630,411223,386374,598895,1236520,515007,576542,23609,86774,46340,256678,782411,526681,580762,356106,502372,206073,618343,427329,550736,534890,547968,783465,ZEROR,595541,894465,ZEROR,551058,232431,151308,432317,553181,760693,225122,404321,576828,470335,472312,329517,639936,575983,1017175,561983,589523,1126675,0,578089,262342,495248,529210,435640,772423,441673,507005,438291,735901,488484,331945,639586,561988,436474,554141,677110,563955,1984744,612743,469441,587059,549090,448837,248682,730050,58292,ZEROR,614642,709637,34231,586158,421152,638626,238525,99232,75345,617551,641041,571783,463638,35367,1653444,769608,512414,2006545,1362258,ZEROR,440986,374801,638716
50,Douglastown,243496,460307,279792,371006,362018,199071,238322,1183873,132657,5548,594717,563289,535833,445771,385357,109073,208693,261897,133096,383886,299559,241660,32520,162822,224368,386411,ZEROR,198488,874799,ZEROR,35528,352143,433045,472812,52418,801187,471971,382624,105761,107589,340240,282239,288754,616477,1057669,177782,270739,1167170,578089,0,457297,204241,569246,333971,720089,313458,106077,262478,337135,528520,264512,271311,32009,167001,93234,717146,32713,1843111,240049,193229,11568,79606,488873,334856,331283,597108,ZEROR,242309,310871,610526,626194,253995,239860,392842,490391,550635,249275,279716,209551,206901,554195,1630709,370842,101579,1983810,1402294,ZEROR,372228,335863,542213
51,Barry`s Bay,514446,263955,354850,134028,149622,257075,392217,1060496,388903,459147,240774,193950,263831,29869,656307,408336,454658,200377,376268,179911,409499,227799,433341,408787,318333,657361,ZEROR,469438,741703,ZEROR,433663,139022,216692,279555,435786,607930,32797,142719,458483,347581,210711,200934,431091,423220,864412,435879,380679,973913,262342,457297,0,328521,375728,173364,596021,193106,386136,209082,607579,335002,218855,511264,441119,294036,433271,523628,443086,1831262,484421,320681,466190,428221,295355,187107,601727,209149,ZEROR,486320,581315,260175,432676,212944,510304,205083,207105,202386,489229,463910,386764,262472,238503,1499962,641286,391544,1853063,1208776,ZEROR,178710,143046,418145
52,Beeton,261391,377465,119816,194492,185504,109332,122301,1007360,135848,206092,511876,480448,452992,295252,403252,155280,120631,157488,76512,301045,139583,74782,180286,74954,56671,404305,ZEROR,216382,698286,ZEROR,180608,247734,350203,296298,182731,624674,321451,206111,205428,94773,163726,184369,161176,439964,881156,182824,110764,990657,495248,204241,328521,0,393377,158102,544220,137589,133087,88836,354530,352651,171037,202326,188070,63410,180222,541277,190036,1786140,184158,19619,213141,175172,313004,253771,348678,465125,ZEROR,160912,328266,529441,450325,86831,257255,311757,409306,469549,180290,173298,97865,31484,473110,1454840,388237,138495,1807941,1226425,ZEROR,196359,158815,366343
53,Temagami,626395,562406,419763,241699,260220,398103,457130,746808,500853,571096,507642,460818,530700,405597,768256,520285,503010,419973,488217,515640,474412,353903,545290,473361,383246,769310,ZEROR,581387,365356,ZEROR,545613,449009,534378,98006,547735,231584,362077,253318,570433,459778,265236,459603,496005,46873,488065,547829,445592,597566,529210,569246,375728,393377,0,237934,377936,257676,498520,349982,719963,40721,446767,623648,553502,428843,545655,147900,555469,1455534,596805,385251,578574,540605,115573,541640,714111,476591,ZEROR,535404,693699,527618,56948,370064,622687,541088,474547,469829,601612,528479,451334,397116,505946,1124234,753670,503928,1477335,833048,ZEROR,197934,329142,253787
54,Utterson,391121,428848,184488,39336,59536,162828,221855,895908,265578,335821,414072,367248,437130,203233,532982,285010,267735,184698,252943,352427,239137,118628,310016,238086,147971,534035,ZEROR,346112,586834,ZEROR,310338,238367,401586,141142,312461,469517,206096,50954,335158,224503,46122,224328,260730,284807,725999,312554,210318,835500,435640,333971,173364,158102,237934,0,431614,22320,263164,114627,484607,197936,211411,388292,318147,193487,310300,386562,320114,1694196,361449,149895,343218,305249,158289,306285,478756,382832,ZEROR,300048,458343,433859,295610,134709,387332,364271,370554,376070,366257,293124,215978,161760,412187,1362896,518314,268573,1715997,1071710,ZEROR,41644,104767,253738
55,Thessalon First Nation,777238,805618,554920,461993,480514,625180,597285,472629,651695,721939,750855,704031,773912,625890,711682,671128,647506,603827,639060,816892,614567,536382,696133,624204,519756,686509,ZEROR,732230,321230,ZEROR,696455,662634,777591,341194,698578,559082,605290,473611,721275,610621,385587,700217,636159,424810,644011,698671,585747,580800,772423,720089,596021,544220,377936,431614,0,443883,648470,530763,692117,341152,686420,738850,703452,578792,695605,525757,705419,1250230,746754,535201,728524,690554,358664,769154,718336,719682,ZEROR,678538,694207,770709,434805,552251,772637,827140,717638,712920,751562,650941,584826,547066,749037,918930,691532,653878,1272031,737514,ZEROR,441025,528888,312433
56,Bracebridge,370608,408335,163975,59078,50090,142315,201342,908202,245065,315309,420105,373281,483861,202975,512469,264497,247223,164185,232430,331914,218624,98115,289503,217573,127458,513522,ZEROR,325599,599128,ZEROR,289825,217397,381073,160884,291948,489259,225838,70696,314645,203990,58417,203815,240217,304549,745741,292041,189805,855242,441673,313458,193106,137589,257676,22320,443883,0,242229,93692,463672,217171,190476,367357,297212,172552,289365,405797,299179,1713431,340514,128960,322283,284314,177524,285350,457821,388904,ZEROR,279113,437408,439931,314845,113774,366397,343336,349660,382142,345322,272189,195043,140825,418259,1382131,497379,247638,1735232,1090945,ZEROR,60879,83873,268360
57,Dundas,152548,389223,179207,299922,290933,127987,145089,1112789,32086,107928,523633,492205,464749,374687,294409,32888,115460,190813,53870,312802,184904,170576,82122,69589,153283,295463,ZEROR,107540,803715,ZEROR,82444,281059,361960,401728,66995,730103,400887,311540,74086,36759,269156,211155,195521,545393,986585,86833,159807,1096086,507005,106077,386136,133087,498520,263164,648470,242229,0,189750,245875,455793,192735,180051,86923,94274,51138,644419,88890,1751851,148790,120501,111994,48142,416146,263079,240023,525331,ZEROR,148403,219611,538749,553467,181268,148600,321065,418614,478857,158015,185809,117890,134174,482418,1557982,279582,6920,1846825,1329566,ZEROR,299501,263136,469485
58,Woodville,319627,320508,167765,151384,129393,62256,205131,995082,194084,264328,395422,322079,396034,202140,461488,213517,210765,71900,181449,244087,222413,22236,238522,165087,124654,462542,ZEROR,274619,686008,ZEROR,238844,147137,293246,253190,240967,581566,228340,152064,263665,152762,151449,111530,244006,396856,838048,241060,193594,947548,438291,262478,209082,88836,349982,114627,530763,93692,189750,0,413250,308793,98262,316935,246790,99707,238942,497419,248756,1773919,290487,68903,271861,233892,269146,197371,407398,363769,ZEROR,291991,386986,414795,406468,21559,315975,255357,279987,316480,294899,261418,193416,57598,416709,1442619,446957,197215,1795720,1182567,ZEROR,152502,66714,354122
59,Courtright,124075,618119,311754,521365,512376,356883,230872,964185,221983,338985,752529,721101,693645,596130,134788,257895,189269,412256,263961,541698,257172,392019,313179,267021,305210,135841,ZEROR,151815,1025158,ZEROR,300447,502502,590856,623171,292003,951546,622330,532983,234667,277723,490599,439137,240999,766836,1135567,169237,267435,1072357,735901,337135,607579,354530,719963,484607,692117,463672,245875,413250,0,678906,423607,96630,304576,317387,241924,867532,322598,1556045,129123,343614,345702,258454,639259,493951,32968,756203,ZEROR,143772,15992,769621,776580,404381,112377,551937,649486,709729,126753,198112,251192,357287,713290,1410481,119837,237054,1651019,1229066,ZEROR,522614,486249,692598
60,Marten River,585670,521680,379037,200973,219494,357377,416404,787528,460127,530371,466916,420092,489974,364871,727531,479559,462285,379247,447492,474914,433686,313177,504565,432635,342520,728584,ZEROR,540661,406077,ZEROR,504887,408283,493652,57280,507010,272304,321351,212592,529707,419052,224510,418877,455279,87594,528786,507103,404867,638287,488484,528520,335002,352651,40721,197936,341152,217171,455793,308793,678906,0,406041,582922,512777,388117,504929,188621,514743,1496255,556079,344525,537848,499879,74847,500915,673385,435866,ZEROR,494678,652973,486892,97669,329338,581962,500362,433822,429103,560886,487753,410608,356390,465220,1164955,712944,463202,1518056,873769,ZEROR,157208,288416,217082
61,Cold Springs,330371,214163,277184,195387,177476,76195,286968,1150739,204828,266363,348573,317145,289689,207406,472232,216502,270582,30007,192193,137742,306416,102721,240557,224711,225400,473285,ZEROR,285362,841665,ZEROR,240879,93399,186900,349975,243002,678350,233606,200146,266649,160155,307106,21490,328008,493640,934832,251804,277596,1044333,331945,264512,218855,171037,446767,211411,686420,190476,192735,98262,423607,406041,0,327857,250258,112377,242411,594286,252225,1928920,301014,146539,275330,237360,366013,91128,418320,353380,ZEROR,302913,397908,366798,503334,81174,326896,149114,246663,306906,305821,326704,257446,140736,310467,1597620,457879,200684,1950721,1279433,ZEROR,249368,108527,509123
62,Grand Bend,108073,521804,215101,425050,416061,260568,134218,1010918,129517,273161,656214,624786,597330,499815,205766,192071,80183,315941,167646,445383,160518,295704,247355,146216,208557,206820,ZEROR,109245,928843,ZEROR,234623,406187,494541,526856,226179,855231,526015,436668,189448,198262,394284,342822,144346,670521,1111713,92188,170782,1119090,639586,271311,511264,202326,623648,388292,738850,367357,180051,316935,96630,582922,327857,0,239606,221093,176955,771238,257628,1602430,42522,247320,280733,193484,542964,397657,113112,659908,ZEROR,47142,81436,673327,680286,308087,94318,455643,553192,613435,25277,101481,138577,260993,616995,1456866,191486,172084,1697404,1275451,ZEROR,426320,389955,596304
63,Wainfleet,172130,444205,263690,354904,345916,182970,222221,1167772,104792,30978,578616,547187,519731,429670,353201,60976,192592,245796,116995,367785,283457,225559,39086,146720,208266,354254,ZEROR,166331,858698,ZEROR,18909,336042,416943,456710,23390,785086,455869,366523,75091,91488,324138,266137,272653,600376,1041568,145625,254638,1151069,561988,32009,441119,188070,553502,318147,703452,297212,86923,246790,304576,512777,250258,239606,0,151749,62224,701894,54262,1812042,208981,177976,37404,48597,473621,319604,300215,581856,ZEROR,223068,279802,595274,610942,238743,208791,377590,475139,535382,218207,264463,194299,191649,538943,1615457,339773,69220,1907016,1387041,ZEROR,356976,320611,526960
64,Thornhill,224151,318691,169556,230245,221256,50558,179340,1043112,98608,168852,453101,421673,394217,282588,366012,118040,164362,98714,85973,242270,198788,78476,143046,118491,117772,367065,ZEROR,179142,734038,ZEROR,143368,188960,291429,332051,145491,660426,308787,241863,168188,57286,199479,125594,220381,475716,916908,145584,169969,1026409,436474,167001,294036,63410,428843,193487,578792,172552,94274,99707,317387,388117,112377,221093,151749,0,144574,577019,154388,1821882,195723,49927,177492,139523,348745,194585,313030,405939,ZEROR,197623,292618,470255,486067,91218,221606,252571,350120,410364,200531,219666,150408,44124,413924,1490582,352589,102847,1843683,1262166,ZEROR,232101,173086,402085
65,Hagersville,112932,436358,255843,347057,338069,175122,192112,1157058,58556,92203,570768,539340,511884,421823,290549,23874,130808,237948,109487,359937,231927,217711,82085,101746,200419,291603,ZEROR,103680,850850,ZEROR,66046,328195,409096,448863,40638,777239,448022,358675,23832,83894,316291,258290,242830,592528,1033720,82974,211223,1143221,554141,93234,433271,180222,545655,310300,695605,289365,51138,238942,241924,504929,242411,176955,62224,144574,0,691184,103718,1749263,146597,167267,97837,16996,462911,309845,237435,572096,ZEROR,160289,217023,585514,600233,228033,116433,367831,465379,525623,155427,222754,174655,180940,529183,1603699,276994,44049,1844237,1376332,ZEROR,346266,309902,516251
66,Virginiatown,774296,710306,567663,389600,408120,546003,605030,661973,648753,718997,655542,608718,678600,553497,916157,668185,650911,567873,636118,663540,622312,501803,693191,621261,531146,917210,ZEROR,729287,280522,ZEROR,693513,596909,682279,245906,695636,146749,509977,401218,718333,607678,413136,607503,643905,114052,403231,695729,593493,512732,677110,717146,523628,541277,147900,386562,525757,405797,644419,497419,867532,188621,594286,771238,701894,577019,691184,0,703369,1370659,744705,533151,726474,688505,263473,689541,862011,624492,ZEROR,683304,841599,675518,105421,517964,770588,688988,622448,617729,749512,676379,599234,545016,653846,1039359,901570,651828,1392460,748173,ZEROR,345834,477042,401687
67,Queenston,229362,446172,265657,356871,347883,184937,224187,1169739,118522,34564,580583,549154,521698,431637,371223,94938,194558,247763,118962,369751,285424,227525,18385,148687,210233,372276,ZEROR,184353,860665,ZEROR,35150,338009,418910,458677,77788,787053,457836,368490,123216,93455,326105,268104,274619,602342,1043535,163647,256605,1153035,563955,32713,443086,190036,555469,320114,705419,299179,88890,248756,322598,514743,252225,257628,54262,154388,103718,703369,0,1829504,226442,179621,43105,90588,475266,321249,317676,583501,ZEROR,228702,297264,596919,612587,240388,226252,379235,476784,537027,235668,266108,195944,193294,540588,1617102,357235,87971,1970203,1388687,ZEROR,358621,322256,528605
68,Morson,1656619,2017940,1796841,1697233,1715754,1867101,1736648,779475,1727959,1844961,1963176,1916352,1986234,1861131,1637362,1763871,1695245,1845748,1769937,1971174,1762948,1778302,1819155,1772997,1761677,1612188,ZEROR,1657791,1159278,ZEROR,1806423,1904543,1989912,1553540,1797979,1230546,1817611,1708852,1740642,1783699,1627508,1942138,1746776,1421686,967779,1675213,1773212,1007754,1984744,1843111,1831262,1786140,1455534,1694196,1250230,1713431,1751851,1773919,1556045,1496255,1928920,1602430,1812042,1821882,1749263,1370659,1829504,0,1635924,1777258,1852503,1765255,1571197,2011211,1582071,1932215,ZEROR,1649728,1557942,1983242,1413145,1794308,1642338,2069197,1930172,1925453,1632708,1704067,1757993,1789123,1961570,409372,1623397,1743855,203014,623883,ZEROR,1653558,1784766,1554490
69,Lucan,76008,494961,196307,398207,389218,233725,121435,1044256,100322,241900,629371,597943,570487,472972,217869,160810,59540,289098,140803,418540,160201,268861,216094,125573,190336,218923,ZEROR,59861,902000,ZEROR,203361,379344,467698,500013,194917,828388,499172,409825,141107,180638,367441,315979,163740,643678,1084870,60992,153848,1152428,612743,240049,484421,184158,596805,361449,746754,340514,148790,290487,129123,556079,301014,42522,208981,195723,146597,744705,226442,1635924,0,220434,249480,162231,516078,370771,146844,633022,ZEROR,45016,115178,646441,653400,281200,71972,428757,526306,586549,21455,125370,122069,234107,590109,1490141,202954,140831,1730678,1308726,ZEROR,399434,363069,569418
70,Bradford West Gwillimbury,250378,351659,125964,186653,177664,84719,140746,999520,124835,195079,486069,454641,427185,266835,392239,144268,140958,132875,90241,275238,158028,52067,169273,95280,74180,393293,ZEROR,205370,690446,ZEROR,169595,223122,324396,288459,171718,616834,293035,198271,194415,83761,155887,159756,179621,432124,873316,171811,129208,982817,469441,193229,320681,19619,385251,149895,535201,128960,120501,68903,343614,344525,146539,247320,177976,49927,167267,533151,179621,1777258,220434,0,202583,164614,304392,229080,338120,440434,ZEROR,179119,317708,504750,441713,67211,246697,287066,384615,444858,225621,192223,116280,11865,448419,1446228,377679,127937,1799329,1217812,ZEROR,187747,131052,357731
71,Fort Erie,252466,469277,288761,379976,370987,208041,247292,1192843,141627,11241,603687,572259,544803,454741,394327,96740,217663,270867,142066,392856,308528,250630,41489,171792,233337,395381,ZEROR,207458,883769,ZEROR,44498,361113,442014,481782,57948,810157,480941,391594,110856,116559,349210,291209,297724,625447,1066639,186752,279709,1176140,587059,11568,466190,213141,578574,343218,728524,322283,111994,271861,345702,537848,275330,280733,37404,177492,97837,726474,43105,1852503,249480,202583,0,84362,498572,344556,340983,606807,ZEROR,252009,320570,620225,635894,263694,249559,402542,500090,560334,258975,289415,219251,216601,563894,1640409,380541,111278,1993510,1411993,ZEROR,381927,345563,551912
72,Haldimand,133532,431307,250792,342007,333018,170072,195655,1154874,72142,78576,565718,534290,506834,416772,307079,20199,147337,232898,104436,354887,235470,212661,68678,120154,195368,308132,ZEROR,120209,845800,ZEROR,52638,323144,404045,443813,27011,772188,442972,353625,36494,78843,311241,253240,246087,587478,1028670,99503,210373,1138171,549090,79606,428221,175172,540605,305249,690554,284314,48142,233892,258454,499879,237360,193484,48597,139523,16996,688505,90588,1765255,162231,164614,84362,0,460474,307408,253886,569659,ZEROR,176739,233473,583077,597795,225596,134912,365393,462942,523186,171878,239204,168508,178502,526746,1602310,293445,41612,1860687,1373895,ZEROR,343829,307464,513814
73,Redbridge,546022,482033,339390,161326,179847,317730,376757,822984,420480,490723,427269,380445,450327,325224,687883,439912,422637,339600,407844,435267,394039,273530,464917,392988,302873,688937,ZEROR,501014,480929,ZEROR,465240,368636,454005,20021,467362,347157,281704,172945,490060,379405,184863,379230,415632,162447,603639,467456,365219,713139,448837,488873,295355,313004,115573,158289,358664,177524,416146,269146,639259,74847,366013,542964,473621,348745,462911,263473,475266,1571197,516078,304392,498572,460474,0,461269,633739,390802,ZEROR,455032,613327,441828,172408,289692,542316,455298,388758,384039,521240,448107,370962,316744,420156,1239693,673298,423556,1592794,948507,ZEROR,117562,248770,224966
74,Thurlow,400715,130899,358741,255366,237454,146539,359060,1233473,275172,336707,265309,233881,206425,170261,542576,286846,340927,116271,262537,54478,378508,187494,310901,295055,308133,543630,ZEROR,355706,924399,ZEROR,311223,48085,103637,444848,313346,773224,201357,260125,336993,230500,389840,89682,400101,588514,1029706,322148,349688,1139207,248682,334856,187107,253771,541640,306285,769154,285350,263079,197371,493951,500915,91128,397657,319604,194585,309845,689541,321249,2011211,370771,229080,344556,307408,461269,0,489134,269246,ZEROR,373727,468722,282664,597939,180237,397711,60801,162529,222772,376636,400126,330868,222723,226333,1680801,528693,271498,2033902,1374038,ZEROR,343973,197105,592304
75,Wallaceburg,121895,612267,328213,515513,506525,351032,247330,990404,216132,333134,746678,715249,687793,590279,101858,252044,193295,406405,258109,535846,273630,386167,307328,261170,343603,102912,ZEROR,145964,1019306,ZEROR,294595,496651,585005,617319,286151,945695,616478,527132,215875,271872,484747,433286,257458,760984,1202176,190761,283894,1098575,730050,331283,601727,348678,714111,478756,718336,457821,240023,407398,32968,673385,418320,113112,300215,313030,237435,862011,317676,1582071,146844,338120,340983,253886,633739,489134,0,751791,ZEROR,160217,32277,765209,772168,399969,110164,547525,645074,705317,143197,214556,251652,352875,708878,1434353,86866,232642,1674891,1252938,ZEROR,518202,481837,688187
76,Navan,662966,143535,513816,343112,358705,408791,621311,1184002,537423,598958,36724,41973,76103,204161,804827,549097,603178,311797,524788,228489,640759,363138,573153,557307,470704,805881,ZEROR,617958,841947,ZEROR,573475,216990,158458,379799,575597,708175,172604,351803,599245,492751,419794,289351,662352,523465,964657,584400,611940,1074158,58292,597108,209149,465125,476591,382832,719682,388904,525331,363769,756203,435866,353380,659908,581856,405939,572096,624492,583501,1932215,633022,440434,606807,569659,390802,269246,751791,0,ZEROR,635455,730450,56944,532967,346660,659438,259337,90353,53018,638363,661853,592595,433979,50690,1600252,790421,533226,1953353,1309066,ZEROR,387795,321610,585525
77,Toronto Island,ZEROR,ZEROR,ZEROR,ZEROR,ZEROR,ZEROR,ZEROR,ZEROR,ZEROR,ZEROR,ZEROR,ZEROR,ZEROR,ZEROR,ZEROR,ZEROR,ZEROR,ZEROR,ZEROR,ZEROR,ZEROR,ZEROR,ZEROR,ZEROR,ZEROR,ZEROR,ZEROR,ZEROR,ZEROR,ZEROR,ZEROR,ZEROR,ZEROR,ZEROR,ZEROR,ZEROR,ZEROR,ZEROR,ZEROR,ZEROR,ZEROR,ZEROR,ZEROR,ZEROR,ZEROR,ZEROR,ZEROR,ZEROR,ZEROR,ZEROR,ZEROR,ZEROR,ZEROR,ZEROR,ZEROR,ZEROR,ZEROR,ZEROR,ZEROR,ZEROR,ZEROR,ZEROR,ZEROR,ZEROR,ZEROR,ZEROR,ZEROR,ZEROR,ZEROR,ZEROR,ZEROR,ZEROR,ZEROR,ZEROR,ZEROR,ZEROR,0,ZEROR,ZEROR,ZEROR,ZEROR,ZEROR,ZEROR,ZEROR,ZEROR,ZEROR,ZEROR,ZEROR,ZEROR,ZEROR,ZEROR,ZEROR,ZEROR,ZEROR,ZEROR,ZEROR,ZEROR,ZEROR,ZEROR,ZEROR
78,Seaforth,122017,496860,168179,336806,327818,235624,86325,1058060,112005,244160,631270,599842,572386,474871,260403,174897,45727,290997,136366,420439,122747,270760,218354,104890,159039,261456,ZEROR,89806,833783,ZEROR,217449,381243,469597,438612,209005,766987,501071,348424,153054,173318,299224,317878,118392,582277,1023469,69605,126124,1132970,614642,242309,486320,160912,535404,300048,678538,279113,148403,291991,143772,494678,302913,47142,223068,197623,160289,683304,228702,1649728,45016,179119,252009,176739,455032,373727,160217,635455,ZEROR,0,128560,646116,592085,280876,110318,428432,525981,586224,27827,85918,89441,193764,589785,1503991,245529,154929,1744528,1322575,ZEROR,338119,300574,501756
79,Brigden,108679,591855,296537,495101,486112,330619,215654,966275,195719,312721,726265,694837,667381,569866,129651,231632,161618,385992,237697,515434,241954,365755,286915,240757,289992,130705,ZEROR,125551,998894,ZEROR,274183,476238,564592,596907,265739,925282,596066,506719,208403,251459,464335,412873,225782,740572,1137657,144359,252218,1074446,709637,310871,581315,328266,693699,458343,694207,437408,219611,386986,15992,652973,397908,81436,279802,292618,217023,841599,297264,1557942,115178,317708,320570,233473,613327,468722,32277,730450,ZEROR,128560,0,743333,750292,378093,96980,525649,623198,683441,111520,182880,219976,330999,687002,1412584,114672,210766,1653121,1231168,ZEROR,496326,459961,666310
80,St. Isidore de Prescott,676385,156954,634410,394138,409731,422209,634730,1235028,550842,612377,18725,79787,82175,255187,818246,562515,616596,391941,538207,241907,654177,463164,586571,570725,583803,819299,ZEROR,631376,892974,ZEROR,586893,268016,187142,430826,589016,759201,223630,402829,612663,506169,470820,365351,675770,574491,1015683,597818,625358,1125184,34231,610526,260175,529441,527618,433859,770709,439931,538749,414795,769621,486892,366798,673327,595274,470255,585514,675518,596919,1983242,646441,504750,620225,583077,441828,282664,765209,56944,ZEROR,646116,743333,0,583958,397651,675919,275818,121122,83787,654844,678334,609076,500932,62302,1651243,806902,549707,2004344,1360057,ZEROR,438786,372601,636516
81,Haileybury,683344,619354,476712,298648,317169,455051,514078,704329,557801,628045,564590,517767,587648,462545,825205,577233,559959,476922,545166,572588,531360,410851,602239,530310,440194,826259,ZEROR,638335,322877,ZEROR,602561,505958,591327,154955,604684,189105,419025,310266,627381,516726,322184,516551,552953,7638,445587,604777,502541,555087,586158,626194,432676,450325,56948,295610,434805,314845,553467,406468,776580,97669,503334,680286,610942,486067,600233,105421,612587,1413145,653400,441713,635894,597795,172408,597939,772168,532967,ZEROR,592085,750292,583958,0,427012,679636,598036,531496,526777,658561,585428,508282,454064,562894,1081755,810618,560876,1434856,790569,ZEROR,254882,386091,310735
82,Little Britain,311145,303370,189253,153831,135919,53774,217672,1016571,185602,255845,378283,304941,378896,199489,453006,205034,204414,54762,172967,226949,234954,18950,230040,158736,146142,454059,ZEROR,266136,707497,ZEROR,230362,129999,276107,273272,232484,601647,225689,158590,255182,144280,172937,94392,256547,416937,858129,232578,206135,967630,421152,253995,212944,86831,370064,134709,552251,113774,181268,21559,404381,329338,81174,308087,238743,91218,228033,517964,240388,1794308,281200,67211,263694,225596,289692,180237,399969,346660,ZEROR,280876,378093,397651,427012,0,307466,238218,262849,299341,286391,255678,193696,56148,399571,1464107,438448,188707,1817208,1202680,ZEROR,172614,69851,375610
83,Fingal,11706,520843,278236,424089,415101,259608,190966,1050670,124708,241710,655254,623826,596370,498855,163201,160620,128019,314981,166685,444423,229732,294744,215904,169746,252179,164254,ZEROR,41316,927883,ZEROR,203172,405227,493581,525895,153899,854271,525054,435708,106264,180448,393323,341862,233271,669561,1110753,99337,220902,1158842,638626,239860,510304,257255,622687,387332,772637,366397,148600,315975,112377,581962,326896,94318,208791,221606,116433,770588,226252,1642338,71972,246697,249559,134912,542316,397711,110164,659438,ZEROR,110318,96980,675919,679636,307466,0,455209,552758,613001,82486,186401,184843,260559,616562,1496698,149754,140326,1737235,1315282,ZEROR,425886,389521,595870
84,Adolphustown,458701,120742,416727,314020,296109,204525,417046,1291459,333158,394693,255153,223725,196269,177657,600562,344831,398912,174257,320523,51069,436493,245480,368887,353041,366119,601615,ZEROR,413692,982385,ZEROR,369209,106740,93480,444296,371332,772671,208753,318780,394979,288485,447826,147668,458086,587961,1029153,380134,407674,1138654,238525,392842,205083,311757,541088,364271,827140,343336,321065,255357,551937,500362,149114,455643,377590,252571,367831,688988,379235,2069197,428757,287066,402542,365393,455298,60801,547525,259337,ZEROR,428432,525649,275818,598036,238218,455209,0,152600,212844,434092,457582,388324,280179,216404,1738257,586149,328955,2091359,1373859,ZEROR,401429,254562,649761
85,Smiths Falls,556250,59089,514275,341068,321619,302074,514595,1181958,430707,492242,94638,48802,96341,170600,698111,442380,496461,228015,418072,98319,534042,279356,466436,450590,463668,699164,ZEROR,511241,839904,ZEROR,466758,133208,59297,377755,468881,706131,170560,349759,492528,386034,417750,205568,555635,521421,962613,477683,505223,1072114,99232,490391,207105,409306,474547,370554,717638,349660,418614,279987,649486,433822,246663,553192,475139,350120,465379,622448,476784,1930172,526306,384615,500090,462942,388758,162529,645074,90353,ZEROR,525981,623198,121122,531496,262849,552758,152600,0,37146,531286,554776,485518,377373,63814,1599365,683343,426149,1952467,1308179,ZEROR,386908,282776,584638
86,North Gower,616493,97062,574519,336349,351943,362317,574838,1177239,490950,552485,57302,11493,65356,197398,758354,502624,556705,264508,478315,182016,594286,315849,526679,510833,523912,759408,ZEROR,571485,835185,ZEROR,527001,169700,96393,373037,529124,701412,165841,345040,552771,446278,413031,242061,615879,516702,957894,537926,565467,1067395,75345,550635,202386,469549,469829,376070,712920,382142,478857,316480,709729,429103,306906,613435,535382,410364,525623,617729,537027,1925453,586549,444858,560334,523186,384039,222772,705317,53018,ZEROR,586224,683441,83787,526777,299341,613001,212844,37146,0,591620,615110,545852,437708,40234,1594366,743678,486483,1947467,1303180,ZEROR,381908,315724,579639
87,Exeter,94185,499768,195000,403014,394026,238533,113595,1041040,107482,251126,634179,602750,575294,477780,224116,170036,58147,293906,145610,423347,150574,273668,225320,124180,186521,225170,ZEROR,74637,906808,ZEROR,212587,384152,472506,504820,204143,833196,503979,414633,167413,176227,372248,320787,146899,648485,1089678,70153,152541,1149212,617551,249275,489229,180290,601612,366257,751562,345322,158015,294899,126753,560886,305821,25277,218207,200531,155427,749512,235668,1632708,21455,225621,258975,171878,521240,376636,143197,638363,ZEROR,27827,111520,654844,658561,286391,82486,434092,531286,591620,0,102569,116561,238976,594979,1486988,212575,150067,1727526,1305573,ZEROR,404303,367938,574287
88,Kincardine,198100,523258,116768,329881,320893,264884,55105,1112399,166241,281566,657669,626240,598784,430641,307247,215865,95071,313040,149471,446838,62185,241151,255760,117995,144361,308301,ZEROR,178552,806186,ZEROR,256082,403287,495996,431687,249972,760063,456840,341500,228679,191585,271627,339921,46013,575352,1016545,149309,84248,1126045,641041,279716,463910,173298,528479,293124,650941,272189,185809,261418,198112,487753,326704,101481,264463,219666,222754,676379,266108,1704067,125370,192223,289415,239204,448107,400126,214556,661853,ZEROR,85918,182880,678334,585428,255678,186401,457582,554776,615110,102569,0,83416,206923,619330,1558349,292969,199066,1798887,1361487,ZEROR,331422,293877,474510
89,Holstein,188335,454000,77420,252736,243747,195626,32498,1049145,102592,211402,588411,556982,529526,353495,330196,147946,56904,243782,80213,377580,73437,179170,185596,56282,67216,331249,ZEROR,145722,740071,ZEROR,185918,334029,426738,354542,182054,682917,379695,264354,180580,122327,205512,270663,92917,498207,939399,106910,40375,1048900,571783,209551,386764,97865,451334,215978,584826,195043,117890,193416,251192,410608,257446,138577,194299,150408,174655,599234,195944,1757993,122069,116280,219251,168508,370962,330868,251652,592595,ZEROR,89441,219976,609076,508282,193696,184843,388324,485518,545852,116561,83416,0,128546,550020,1496790,315338,127761,1849891,1284342,ZEROR,254276,216732,408293
90,Queensville,264051,345856,137829,198518,189530,78916,152982,1011385,138508,208752,480266,448838,421382,255530,405912,157941,153485,127072,125873,269435,170264,40762,182946,107808,86045,406966,ZEROR,219043,702311,ZEROR,183268,217318,318593,300324,185391,628699,281730,210136,208088,97186,167752,153953,191857,443989,885181,185484,141445,994682,463638,206901,262472,31484,397116,161760,547066,140825,134174,57598,357287,356390,140736,260993,191649,44124,180940,545016,193294,1789123,234107,11865,216601,178502,316744,222723,352875,433979,ZEROR,193764,330999,500932,454064,56148,260559,280179,377373,437708,238976,206923,128546,0,442587,1458093,390085,140343,1811194,1229678,ZEROR,199612,119425,369596
91,Winchester,620053,100622,578079,372466,388059,365878,578398,1213356,494510,556045,45902,51364,25378,233515,761914,506184,560265,335610,481875,185576,597846,406833,530240,514394,527472,762968,ZEROR,575045,871302,ZEROR,530562,197022,115719,409154,532684,737529,201958,381157,556332,449838,449148,309020,619439,552819,994011,541487,569027,1103512,35367,554195,238503,473110,505946,412187,749037,418259,482418,416709,713290,465220,310467,616995,538943,413924,529183,653846,540588,1961570,590109,448419,563894,526746,420156,226333,708878,50690,ZEROR,589785,687002,62302,562894,399571,616562,216404,63814,40234,594979,619330,550020,442587,0,1629548,747419,490224,1982649,1338362,ZEROR,417090,350906,614821
92,Upsala,1511055,1686639,1465541,1365933,1384454,1535800,1507905,448174,1562316,1632560,1631876,1585052,1654933,1529830,1430343,1581748,1549681,1514448,1549681,1639873,1525187,1447002,1606754,1534825,1430377,1405169,ZEROR,1512227,827978,ZEROR,1607076,1573243,1658612,1222240,1609199,899245,1486311,1377552,1595079,1521241,1296208,1610837,1546780,1090385,636479,1529649,1496368,676454,1653444,1630709,1499962,1454840,1124234,1362896,918930,1382131,1557982,1442619,1410481,1164955,1597620,1456866,1615457,1490582,1603699,1039359,1617102,409372,1490141,1446228,1640409,1602310,1239693,1680801,1434353,1600252,ZEROR,1503991,1412584,1651243,1081755,1464107,1496698,1738257,1599365,1594366,1486988,1558349,1496790,1458093,1629548,0,1410115,1564711,353112,292660,ZEROR,1322334,1453543,1223267
93,Pleasant Park,161453,651826,409218,555072,546084,390590,321948,963600,255690,372692,786236,754808,727352,629837,23449,291603,259002,445963,297668,575405,352004,425726,346887,300728,383162,16119,ZEROR,185522,1058865,ZEROR,334154,536209,624564,656878,325710,985253,656037,566690,255434,311430,524306,472844,335832,800543,1134983,230320,351884,1071772,769608,370842,641286,388237,753670,518314,691532,497379,279582,446957,119837,712944,457879,191486,339773,352589,276994,901570,357235,1623397,202954,377679,380541,293445,673298,528693,86866,790421,ZEROR,245529,114672,806902,810618,438448,149754,586149,683343,743678,212575,292969,315338,390085,747419,1410115,0,271319,1717744,1228719,ZEROR,556880,520515,726864
94,Ancaster,143817,394631,214116,305330,296342,133395,151126,1118197,35378,103429,529041,497613,470157,380095,285678,21050,112386,196221,67760,318210,190941,175984,77623,75626,158692,286732,ZEROR,98809,809123,ZEROR,63601,286468,367369,407136,55157,735511,406295,316948,65538,42167,274564,216563,201558,550801,991993,78103,165844,1101494,512414,101579,391544,138495,503928,268573,653878,247638,6920,197215,237054,463202,200684,172084,69220,102847,44049,651828,87971,1743855,140831,127937,111278,41612,423556,271498,232642,533226,ZEROR,154929,210766,549707,560876,188707,140326,328955,426149,486483,150067,199066,127761,140343,490224,1564711,271319,0,1838264,1337556,ZEROR,307490,271125,477474
95,Keewatin,1751593,2039741,1818642,1719034,1737555,1888902,1861006,801275,1822933,1985661,1984977,1938153,2008035,1882932,1732336,1858845,1790219,1867549,1902782,1992975,1878288,1800103,1959855,1867971,1783478,1707162,ZEROR,1752765,1181079,ZEROR,1901397,1926344,2011713,1575341,1892953,1252346,1839412,1730653,1835616,1874342,1649309,1963938,1841750,1443486,989580,1770187,1849469,1029555,2006545,1983810,1853063,1807941,1477335,1715997,1272031,1735232,1846825,1795720,1651019,1518056,1950721,1697404,1907016,1843683,1844237,1392460,1970203,203014,1730678,1799329,1993510,1860687,1592794,2033902,1674891,1953353,ZEROR,1744528,1653121,2004344,1434856,1817208,1737235,2091359,1952467,1947467,1727526,1798887,1849891,1811194,1982649,353112,1717744,1838264,0,645699,ZEROR,1675374,1806582,1576306
96,Macdiarmid,1329640,1395453,1252811,1074747,1093268,1231151,1290177,266759,1333900,1404144,1340690,1293866,1363747,1238645,1248928,1353333,1336058,1253021,1321265,1348688,1307460,1186951,1378338,1306409,1216294,1223754,ZEROR,1330812,646562,ZEROR,1378661,1282057,1367426,931054,1380783,608059,1195125,1086366,1403481,1292826,1092138,1292651,1329052,799199,345293,1380876,1278640,401622,1362258,1402294,1208776,1226425,833048,1071710,737514,1090945,1329566,1182567,1229066,873769,1279433,1275451,1387041,1262166,1376332,748173,1388687,623883,1308726,1217812,1411993,1373895,948507,1374038,1252938,1309066,ZEROR,1322575,1231168,1360057,790569,1202680,1315282,1373859,1308179,1303180,1305573,1361487,1284342,1229678,1338362,292660,1228719,1337556,645699,0,ZEROR,1030954,1162162,1019290
97,Sandy Lake First Nation,ZEROR,ZEROR,ZEROR,ZEROR,ZEROR,ZEROR,ZEROR,ZEROR,ZEROR,ZEROR,ZEROR,ZEROR,ZEROR,ZEROR,ZEROR,ZEROR,ZEROR,ZEROR,ZEROR,ZEROR,ZEROR,ZEROR,ZEROR,ZEROR,ZEROR,ZEROR,ZEROR,ZEROR,ZEROR,ZEROR,ZEROR,ZEROR,ZEROR,ZEROR,ZEROR,ZEROR,ZEROR,ZEROR,ZEROR,ZEROR,ZEROR,ZEROR,ZEROR,ZEROR,ZEROR,ZEROR,ZEROR,ZEROR,ZEROR,ZEROR,ZEROR,ZEROR,ZEROR,ZEROR,ZEROR,ZEROR,ZEROR,ZEROR,ZEROR,ZEROR,ZEROR,ZEROR,ZEROR,ZEROR,ZEROR,ZEROR,ZEROR,ZEROR,ZEROR,ZEROR,ZEROR,ZEROR,ZEROR,ZEROR,ZEROR,ZEROR,ZEROR,ZEROR,ZEROR,ZEROR,ZEROR,ZEROR,ZEROR,ZEROR,ZEROR,ZEROR,ZEROR,ZEROR,ZEROR,ZEROR,ZEROR,ZEROR,ZEROR,ZEROR,ZEROR,ZEROR,0,ZEROR,ZEROR,ZEROR
98,Emsdale,429378,467105,222745,44682,63203,201085,260112,905344,303835,374079,419418,372594,442476,208579,571239,323267,305993,222955,291200,390684,277394,156885,348273,276344,186228,572292,ZEROR,384369,563290,ZEROR,348595,251992,439843,101142,350718,429517,211442,56300,373415,262760,67441,262585,298987,244807,685999,350811,248575,795500,440986,372228,178710,196359,197934,41644,441025,60879,299501,152502,522614,157208,249368,426320,356976,232101,346266,345834,358621,1653558,399434,187747,381927,343829,117562,343973,518202,387795,ZEROR,338119,496326,438786,254882,172614,425886,401429,386908,381908,404303,331422,254276,199612,417090,1322334,556880,307490,1675374,1030954,ZEROR,0,132621,257341
99,Kinmount,393013,320238,191795,86824,68913,135642,229162,993207,267470,337714,353233,306410,395764,136104,534874,286903,268448,78598,254835,243817,246444,84753,311908,238799,148684,535928,ZEROR,348005,684133,ZEROR,312230,150526,292976,232350,314353,560726,162303,91583,337050,226148,145650,121744,268037,376015,817208,314446,217624,926708,374801,335863,143046,158815,329142,104767,528888,83873,263136,66714,486249,288416,108527,389955,320611,173086,309902,477042,322256,1784766,363069,131052,345563,307464,248770,197105,481837,321610,ZEROR,300574,459961,372601,386091,69851,389521,254562,282776,315724,367938,293877,216732,119425,350906,1453543,520515,271125,1806582,1162162,ZEROR,132621,0,351168
100,Killarney,599362,715437,377044,284117,302638,447304,419408,776753,473819,544063,617148,570325,640206,448014,741223,493252,469630,425951,461184,639016,436690,358506,518257,446328,341880,742277,ZEROR,554354,467679,ZEROR,518579,484758,688175,207488,520702,485370,450877,295735,543399,432745,207711,522341,458283,300660,674336,520795,407871,783836,638716,542213,418145,366343,253787,253738,312433,268360,469485,354122,692598,217082,509123,596304,526960,402085,516251,401687,528605,1554490,569418,357731,551912,513814,224966,592304,688187,585525,ZEROR,501756,666310,636516,310735,375610,595870,649761,584638,579639,574287,474510,408293,369596,614821,1223267,726864,477474,1576306,1019290,ZEROR,257341,351168,0
